LS01A1,LS01D,LS02A1,LS02C1,LS02D,LS03A2,LS03D,LS04A,LS04C,LS04D,LS05A1,LS05C,LS05D,LS06A2,LS06C,LS06D,LS07A,LS07D,LS08A,LS08C,LS08D,LS09A,LS09C,LS09D,LS10A,LS10C,LS10D,LS11A1,LS11C,LS11D,LS12A1,LS12C,LS13A1,LS13D,LS14A1,LS14C,LS15A1,LS15C,LS15D,LS16B,LS16C,LS16D,LS17A,LS17C,LS17D,LS18A1,LS18C,LS18D,LS19A1,LS19C,LS19D,LS20A1,LS20D,LS21D,LS22A1,LS22C,LS22D,LS23A,LS23C,LS24B,LS24C,LS24D,LS25A1,LS25C,LS25D,LS26B,LS26C,LS26D,LS27A,LS27C,LS27D
2469,5039,6304,0,11255,14770,191,0,24476,0,0,44755,19225,0,384,7652,0,0,0,3599,0,1423,2390,0,645,0,10022,20460,167794,30456,76857,137535,38,4681,0,563594,0,631,21949,26868,4280,0,0,0,0,0,7147,0,0,0,0,19605,4375,31937,0,0,0,9153,46981,78635,13526,4945,38869,2552,47430,2560,54717,0,0,86808,9520
0,0,0,0,0,0,0,0,0,0,0,0,0,0,0,0,0,0,0,0,0,0,0,0,0,0,0,0,0,0,0,0,0,0,0,0,0,0,0,0,0,0,0,0,231707,0,0,0,0,0,0,0,0,0,0,0,0,0,0,0,0,0,0,0,0,0,0,0,0,0,0
0,0,0,0,0,0,0,0,0,0,0,0,0,0,0,0,0,0,0,0,0,0,0,0,0,0,0,0,0,0,0,0,0,0,0,0,0,0,0,0,0,20214,0,0,2702969,0,0,0,0,0,0,0,0,0,0,0,0,0,0,0,0,0,0,0,0,0,0,0,0,0,0
0,22326,1739,0,0,0,0,0,0,0,0,0,870,0,0,0,0,0,959,0,0,0,0,0,0,0,0,0,0,0,0,0,0,0,0,0,0,0,0,0,0,0,0,0,0,0,0,0,0,0,0,0,0,0,0,0,0,0,0,0,0,3987,0,0,0,0,0,0,0,0,0
0,0,0,0,0,0,0,0,0,0,0,0,516,0,0,0,0,0,0,0,0,0,0,0,0,0,0,0,0,0,0,0,0,0,0,0,0,0,0,0,0,0,0,0,0,0,0,0,0,0,0,0,0,0,0,0,0,0,0,0,0,0,0,0,0,0,0,0,0,0,0
3516380,254599,106084,0,343489,121149,379985,36,146,0,0,2236,4208,3833688,2783,1639870,0,0,313621,0,0,10086,0,46394,703,0,3674,0,0,0,0,0,165069,0,0,0,0,0,0,349348,0,0,0,0,0,0,0,0,0,0,0,0,0,664,0,0,0,0,0,2194,0,1190861,0,0,0,17140,0,0,0,0,596
0,0,0,0,0,0,0,0,0,2186,0,0,0,120,0,299,0,0,0,0,0,0,0,0,0,0,0,4300,0,5483,0,0,0,0,0,0,0,0,685,0,0,0,0,0,0,0,0,0,0,0,0,0,0,624,0,0,0,0,0,2127,0,0,1268,0,493,0,0,0,209,0,0
0,1148,0,0,0,0,0,0,0,0,0,0,15247,0,0,0,0,0,0,0,0,0,0,0,0,0,0,0,0,1207,0,0,0,0,0,4428,0,0,0,0,0,0,0,0,0,0,0,0,0,0,0,0,0,0,0,0,0,0,0,0,0,0,0,0,1274,0,0,0,96,0,0
2916,0,329,0,0,0,0,147,1174,52783,0,0,4227,9200,0,12455,0,0,0,358,0,0,0,0,0,0,6744,0,0,0,0,1836,0,0,0,0,0,0,53201,143,0,0,0,0,0,0,0,0,0,0,0,0,0,2072,0,0,0,2631,2463,16119,1108,1501,12330,0,64738,0,0,0,0,0,0
11638,20366,73682,0,2030,7160,4018,56139,253612,10117,0,547694,48921,162,1662,731,1181,0,3024,16846,7202,541,16447,5301,2272,392432,22551,0,85014,0,4050,579096,23665,66560,0,406844,302,4888,135679,29174,0,0,0,799,0,0,0,0,0,0,8329,213162,25868,1031,0,0,0,2509,568,73,0,0,3337,876,215,31037,7642,0,11924,235181,119822
0,0,0,0,594,0,0,0,0,0,0,0,9275,35335,0,11167,0,0,64,65,1099,0,0,0,0,0,3337,0,0,0,0,0,1578,3286,0,63,0,0,577,0,0,0,0,0,0,0,0,0,0,0,0,0,0,0,0,0,0,0,0,15075,690,2040,11946,0,10234,3015,0,0,0,0,0
0,0,0,0,0,0,0,0,0,0,0,0,0,0,0,0,0,0,16938,0,238089,0,0,25119,0,0,0,0,0,0,0,0,827556,0,0,0,0,0,0,0,0,0,0,0,0,0,0,0,0,0,0,0,0,0,0,0,0,0,0,0,0,0,0,0,0,0,0,0,0,0,0
0,0,0,0,0,0,0,86880,0,0,0,0,0,0,626494,0,0,0,0,0,0,0,0,0,0,0,0,0,0,0,0,0,0,0,0,0,0,0,0,0,0,0,0,0,0,0,0,0,0,0,0,0,0,0,0,0,0,0,360962,317677,331757,51158,0,0,0,0,713157,0,0,0,0
0,609688,232990,0,179966,328668,288110,0,0,0,0,0,0,1795284,0,441740,0,0,0,0,0,0,0,0,0,0,0,0,0,0,0,0,0,0,0,0,0,0,0,177176,0,0,0,0,0,0,0,0,0,0,0,0,0,0,0,0,0,0,0,0,0,0,0,0,0,0,0,0,0,0,296873
0,0,0,0,0,93181,0,0,0,0,0,0,0,0,0,0,0,0,0,0,0,0,0,0,0,0,0,0,0,0,0,438700,118835,0,0,0,0,0,0,0,0,0,0,0,0,0,0,0,0,0,0,0,0,0,0,0,0,0,0,0,0,0,0,0,0,0,0,0,0,0,0
0,0,0,0,0,0,0,0,0,0,0,0,0,0,0,0,0,0,0,0,0,0,0,0,658,0,0,0,0,0,0,0,0,0,0,0,0,0,0,0,0,0,0,0,0,0,0,0,0,0,0,0,0,0,0,0,0,0,0,0,0,0,0,0,0,0,0,0,0,0,0
591,0,1471,0,1822,0,121,0,441,0,0,0,1311,0,0,0,0,0,159,907,1849,445,0,399,0,0,2372,0,0,0,1077,815,1196,0,0,975,0,0,5747,0,0,0,0,0,0,768,2899,1535,0,0,0,0,0,0,0,0,0,391,0,1635,0,241,2487,0,2843,0,0,0,0,0,0
0,0,0,0,0,0,0,0,0,0,0,0,0,0,0,0,0,0,0,0,0,0,0,0,0,0,0,0,0,0,0,0,0,0,0,0,0,0,0,0,0,0,0,0,0,0,0,0,0,0,0,0,3010,0,0,0,0,0,0,0,0,0,0,0,0,0,0,0,0,0,0
0,199,0,0,0,0,0,0,0,0,0,0,0,0,0,0,0,0,0,0,0,0,0,0,0,0,0,0,0,0,0,0,0,0,0,0,0,0,0,0,0,0,0,0,0,0,0,0,0,0,0,0,1911,0,0,0,0,0,0,0,0,0,0,0,0,0,0,0,0,0,0
0,0,0,0,0,0,0,0,0,0,0,0,0,0,0,0,0,0,0,0,0,0,0,0,0,0,0,0,0,0,0,0,0,0,0,0,0,0,0,0,0,0,0,0,0,0,0,0,0,0,0,0,0,6428,0,0,0,0,0,0,0,0,0,0,0,0,0,0,0,0,0
0,0,0,0,0,0,0,0,0,0,0,0,0,0,0,1053,0,0,0,0,0,0,0,0,2105,0,0,0,0,0,0,0,0,0,0,0,0,0,0,0,0,0,0,0,0,0,0,0,0,0,0,0,0,0,0,0,0,0,0,0,0,0,0,0,0,0,0,0,0,0,0
0,0,0,0,0,0,0,79,0,0,0,0,0,0,0,0,0,0,0,0,0,0,0,0,0,0,0,0,0,0,0,0,0,0,0,0,0,0,0,0,0,0,0,0,0,0,0,0,0,0,0,0,0,0,0,0,0,0,0,0,0,0,0,0,0,0,0,0,0,0,0
805772,238819,10095,0,12758,737242,113103,75594,61452,115724,0,178379,6601,794320,0,25116,28922,707,10858,23675,185586,12700,0,36478,1749,0,3571,54724,70344,63758,9268,784785,46753,133175,0,63837,0,0,0,268506,0,0,5520,3550,4061,0,0,0,12016,0,1165,61859,5230,0,0,0,0,1044,31709,34710,33190,14523,0,0,317,11321,2939,0,211,202412,0
0,0,0,0,0,7705,0,0,0,0,0,0,15373,14230,0,0,0,0,0,0,0,0,0,0,0,0,0,0,0,0,0,0,0,0,0,0,0,0,0,0,0,0,0,0,0,0,0,0,0,0,0,0,0,0,0,0,0,0,0,0,0,0,0,0,0,1408,0,0,0,0,0
0,0,0,0,0,0,0,0,0,0,0,0,0,0,0,0,0,0,0,0,0,0,0,0,0,0,0,0,0,0,0,0,0,0,0,0,0,0,0,0,0,0,0,0,0,0,0,0,0,0,0,0,0,0,0,0,0,0,0,0,0,0,0,0,0,0,0,0,0,0,65063
0,0,0,0,0,0,0,0,0,0,0,0,0,0,0,0,0,0,0,0,0,0,0,0,0,0,0,0,0,0,0,0,0,0,0,0,0,0,0,0,0,0,0,0,0,0,0,0,0,0,0,0,0,0,0,0,0,0,0,0,0,0,0,0,0,0,0,0,0,0,0
0,0,0,0,0,81562,0,0,0,0,0,0,0,0,0,0,0,0,0,0,0,0,0,0,0,0,0,0,0,0,0,0,0,0,0,0,0,0,0,0,0,0,0,0,0,0,0,0,0,0,0,0,0,0,0,0,0,0,0,0,0,0,0,0,0,0,0,0,0,0,0
0,0,0,0,0,0,0,0,0,0,0,0,0,0,0,0,0,0,0,0,0,0,0,0,0,0,0,0,0,973,0,0,0,0,0,0,0,0,0,0,0,0,0,0,0,0,0,0,0,0,0,0,0,0,0,0,0,0,0,0,0,0,0,0,0,0,0,640,0,0,0
391553,0,0,0,0,0,0,0,0,0,0,0,0,0,0,0,0,0,0,0,0,0,0,0,0,0,0,0,0,0,0,0,0,0,0,0,0,0,0,0,0,0,0,0,0,0,0,0,3375,0,0,0,0,0,0,0,0,0,0,0,0,0,0,0,0,0,0,0,0,0,0
0,0,0,0,0,0,0,0,0,0,0,0,0,0,0,0,0,0,0,0,0,0,0,0,0,0,0,0,0,0,0,0,0,0,0,0,0,0,0,0,0,19803,0,0,2496531,0,0,0,0,0,0,0,0,0,0,0,0,0,0,0,0,0,0,0,0,0,0,0,0,0,0
0,0,0,0,0,0,0,0,0,0,0,0,0,0,0,0,0,3729,0,0,0,0,0,0,0,0,0,0,0,0,0,9323,0,0,0,0,0,0,0,0,0,0,0,0,0,0,0,0,7458,0,0,0,0,0,0,0,0,0,0,0,0,0,0,0,0,0,0,0,0,0,0
0,0,0,0,0,0,0,0,0,0,25402,0,2248,0,0,0,0,0,0,0,0,0,0,0,0,0,0,0,0,0,0,0,0,0,0,0,0,0,0,0,0,0,0,0,0,0,0,0,0,0,0,0,0,0,0,0,0,0,0,0,0,0,0,0,0,0,0,0,0,0,0
0,0,0,0,0,0,0,0,0,0,664,0,0,0,0,0,0,0,0,0,0,0,6516,0,0,0,0,0,0,0,0,0,0,0,0,0,0,0,0,0,0,0,0,0,0,0,0,0,0,0,0,0,0,0,0,0,0,0,0,0,0,0,0,0,0,0,0,0,0,0,0
6611,8086,2602,0,1007,2052,56609,0,0,0,0,0,0,2129,13825,12986,0,0,18417,30099,17573,4014,10366,12800,104,7013,0,0,8461,0,6810,0,8243,13482,0,0,0,0,1125,25581,0,0,0,0,2813,0,0,0,0,0,0,25065,14057,0,0,0,0,306,890,2764,6879,5381,0,0,0,11681,0,0,0,0,6683
0,0,0,0,0,0,73084,0,0,0,0,0,0,0,0,0,0,0,0,0,0,177,0,0,0,0,0,0,0,0,0,0,0,0,0,0,0,0,0,0,0,0,0,0,0,0,0,0,0,0,0,0,0,0,0,0,0,0,0,0,0,0,0,0,0,0,0,0,0,0,0
0,0,0,0,0,3788,0,0,0,0,0,0,0,0,0,0,0,0,0,0,0,0,0,0,0,0,0,0,0,0,0,0,0,0,0,0,0,0,0,0,0,0,0,0,0,0,0,0,0,0,0,0,0,0,0,0,0,0,0,0,0,0,0,0,0,0,0,0,0,0,0
0,0,0,0,0,3069,31882,0,0,0,0,0,0,0,0,0,0,0,0,0,0,0,0,0,0,0,0,0,0,0,0,0,0,0,0,0,0,0,0,0,0,0,0,0,0,0,0,0,0,0,0,0,1136,0,0,0,0,0,0,0,0,21770,0,0,0,0,0,0,0,0,0
285,171,24692,0,0,6140,72807,29420,12019,420099,0,0,5745,5301,0,183194,0,0,0,0,0,0,0,0,612,0,0,1160,0,72011,0,0,0,0,0,7805,0,0,0,17548,0,0,0,0,0,0,0,0,0,0,0,2705,1153,11217,0,0,0,39982,21727,4359,37700,12757,0,0,0,0,7053,6095,8297,0,27346
0,0,0,0,0,0,10016,0,0,1913,0,0,0,0,2077,8486,0,0,0,0,0,0,0,0,0,0,0,0,0,1450,0,0,0,0,0,0,0,0,0,0,0,0,0,0,0,0,0,0,0,0,0,0,0,279,0,0,0,0,0,596,48,3528,0,0,0,0,3197,0,0,518,96
0,0,0,0,0,0,0,0,0,691,0,0,0,0,0,0,0,0,0,0,0,0,0,0,0,0,0,0,0,1042,0,0,0,0,0,0,0,0,0,0,0,0,0,0,0,0,0,0,0,0,0,0,0,0,0,0,0,0,0,0,0,0,0,0,0,0,0,0,0,0,0
0,4288,4983,0,1980,4313,0,600,0,28496,0,0,20229,1590,17243,0,0,0,1770,0,0,0,4134,663,95327,0,1325,839,0,28600,1378,0,0,0,0,0,0,0,0,25608,0,0,0,0,0,0,0,0,0,0,2780,1732,154704,16210,0,6323,0,18138,0,14635,0,1829,0,0,779,0,37226,1898,4304,5654,76555
0,0,0,0,0,0,0,0,0,0,0,0,8041,8968,0,12983,0,0,0,0,0,0,0,0,0,0,0,0,0,0,0,0,0,0,0,0,0,0,0,0,0,0,0,0,0,0,0,0,0,0,0,0,121,0,0,0,0,0,0,10803,0,3667,0,0,0,0,1707,0,0,0,9598
0,0,0,0,0,0,0,0,0,0,0,0,0,0,0,0,0,0,0,0,0,0,0,0,0,0,0,0,0,0,0,0,0,0,0,0,0,0,0,0,0,0,0,0,0,0,0,0,0,0,0,0,0,0,0,0,0,0,0,0,0,0,0,0,0,0,0,0,0,0,0
0,0,0,0,0,0,5173,0,0,0,0,0,0,0,0,0,0,0,0,0,0,0,0,0,47,0,0,0,0,0,0,0,0,0,0,0,0,0,0,0,0,0,0,0,0,0,0,0,0,0,0,0,0,0,0,0,0,0,0,0,0,0,0,0,0,0,0,0,0,0,0
0,0,1097,0,0,0,0,0,0,0,0,0,9274,3538,0,14333,0,0,0,0,0,0,0,0,0,0,0,0,0,0,0,0,0,0,0,0,0,0,0,0,0,0,0,0,0,0,0,0,0,0,0,0,0,0,0,0,0,0,0,418,262,5506,0,0,0,0,0,0,0,0,1679
0,0,0,0,0,0,0,0,0,0,0,0,37821,0,0,0,0,0,0,0,0,0,0,0,0,0,0,0,0,0,0,0,0,0,0,0,0,0,0,0,0,0,0,0,0,0,0,0,0,0,0,0,0,0,0,0,0,0,0,0,0,0,0,0,0,0,0,0,0,0,0
0,0,0,0,0,0,0,0,0,0,0,0,0,0,0,0,0,0,0,0,0,0,0,0,0,0,0,0,0,0,0,0,0,0,0,0,0,0,0,0,0,0,0,0,0,0,0,0,0,0,0,0,0,0,0,0,0,0,0,0,0,2164,0,0,0,0,0,0,0,0,0
0,0,0,0,0,0,0,0,0,0,0,0,0,0,0,0,0,0,0,0,0,0,0,0,0,0,0,0,0,0,0,0,0,154780,0,0,0,0,0,0,0,0,0,0,0,0,0,0,0,0,0,0,0,0,0,0,0,0,0,0,0,0,0,0,0,0,0,0,0,0,0
0,0,0,0,0,2901,7689,3301,0,17118,0,0,5814,1994,0,621,0,0,0,0,0,614,0,0,0,0,0,0,0,0,0,0,0,0,0,0,0,0,0,0,0,0,0,0,0,0,0,0,0,0,0,0,0,0,0,0,0,0,0,0,0,0,0,0,0,104,0,0,0,0,0
0,0,0,0,0,4577,19876,3271,0,0,0,0,292,0,7503,2842,0,0,0,0,740,0,0,0,8412,0,0,0,0,1876,0,0,0,0,0,0,0,0,0,0,0,0,0,0,0,0,0,0,0,0,0,25965,318555,355,0,0,0,0,0,0,0,11438,0,0,0,0,0,0,0,0,8454
0,0,0,0,0,0,0,0,0,0,0,0,0,0,0,0,0,0,0,0,0,0,0,0,0,0,0,0,0,0,0,0,0,0,0,0,0,0,0,0,0,0,0,0,0,0,1663,0,14897,4975,0,0,0,0,0,0,0,0,0,0,0,0,0,0,0,0,0,0,0,0,0
0,0,0,0,0,0,0,0,0,0,0,0,0,0,0,0,0,0,0,0,0,468,0,0,0,0,0,0,0,0,0,0,0,0,0,0,0,0,0,0,0,0,0,0,0,0,0,0,0,0,0,0,0,0,0,0,0,0,0,0,0,0,0,0,0,0,0,0,0,0,0
0,0,0,0,0,0,0,0,0,0,0,0,685,0,0,0,0,0,0,0,0,0,0,0,0,0,0,0,0,0,0,0,0,685,0,0,0,0,0,0,0,0,0,0,0,0,0,0,0,0,3425,0,0,0,0,0,0,0,0,0,0,0,0,0,0,0,0,0,0,0,0
0,0,0,0,0,209387,0,94082,0,49184,0,0,0,40053,0,0,0,0,0,0,0,0,0,0,911,0,0,0,0,0,0,0,0,0,0,574,0,0,0,0,0,0,0,0,0,0,0,0,0,0,0,0,0,0,0,0,0,0,0,0,0,0,0,0,0,0,0,9882,0,0,0
0,1072,605,0,1040,3207,29496,5838,0,38402,0,0,0,0,0,0,0,0,0,0,0,0,0,0,0,0,0,0,0,0,0,0,3847,0,0,0,0,0,0,453,0,0,0,0,0,0,0,0,0,0,0,0,2093,0,0,0,0,0,0,0,0,0,0,0,0,0,0,123,0,0,0
0,0,0,0,333,37157,106653,99151,6820,729062,0,0,0,2629,93445,1701,0,0,652,0,520,603,0,0,1437,0,0,0,0,0,284,0,0,0,0,0,0,0,0,0,0,0,0,0,0,0,0,0,0,0,0,0,0,0,0,0,0,776,0,0,426,5917,289,0,98,0,0,9843,0,0,3925
0,0,0,0,761,0,2828,0,0,0,0,0,0,0,0,0,0,0,10616,0,0,177,0,57,120,0,0,0,0,2502,0,0,699,0,0,0,0,0,0,241,0,0,0,0,0,0,0,0,0,0,0,0,4148,0,0,0,0,0,0,0,3639,6592,1877,0,0,0,294,0,0,0,13616
1077,16558,56496,0,9248,245,88371,22983,0,0,0,0,79959,32655,0,797406,0,0,114951,3309,17247,5577,7128,1204,443613,407,1537426,0,0,2461,0,0,73227,16413,0,0,0,0,2520,0,0,0,0,0,0,0,0,58717,0,0,0,0,1595,75146,0,0,1536,359914,0,243,20408,18373,169981,0,100120,0,0,0,0,0,6014
0,0,179,0,0,11830,0,23993,0,8600,0,0,52643,6368,0,8495,0,0,4950,0,0,3892,0,0,3586,0,0,0,0,0,0,0,0,0,0,0,0,0,0,0,0,0,0,0,0,0,0,0,0,0,0,0,0,0,0,0,0,0,0,0,0,0,0,0,0,0,0,0,0,0,2132
764,25358,165944,0,34780,18443,6813,494703,0,0,0,0,112852,89251,0,171004,1734,0,470502,0,21346,15947,0,5739,8078,0,27648,0,0,205152,0,0,61738,21167,0,0,0,0,5231,56612,0,0,0,0,0,0,0,38842,0,0,0,3613,3669,10839,0,0,0,278173,38643,0,0,10946,418790,0,3230,28888,0,0,219,0,7390
763,161,0,0,0,0,25980,0,0,0,0,1239,46603,0,0,225138,0,0,0,0,11877,0,0,0,126162,536,522900,0,0,0,0,0,851,6178,0,0,0,0,12301,6933,0,0,0,0,0,0,0,1947,0,0,0,7230,12987,16999,0,0,980,0,2698,417,3063,13681,0,0,5352,0,0,930,55,0,12313
4705,29434,65993,207,13939,127048,13688,4016,13200,1175,0,42372,377343,18971,64820,33041,0,0,26534,48614,12792,7484,102,11827,6237,127888,59728,172956,154671,45624,41758,93420,53302,69442,0,31803,0,0,18651,13594,155,0,0,0,0,123196,146904,44994,0,0,1488,37543,20030,12458,0,0,0,69850,137591,166556,37394,98674,290708,147790,18530,228517,133550,0,8870,189547,24378
0,0,0,0,0,0,494,0,0,0,0,0,90345,0,0,1160,0,0,10397,0,0,0,0,0,32977,0,548419,0,0,0,0,0,618,7037,0,0,0,0,0,0,0,0,0,0,0,0,0,0,0,0,0,0,396,888,0,0,0,0,0,0,0,31582,30441,0,45,0,0,0,0,0,8481
17174,66212,165558,3846,36945,353739,32194,17483,48108,7156,431,136606,625981,64863,277503,91243,867,0,86393,203753,32827,11289,2441,42663,18189,505367,362167,598658,536792,159771,126210,280842,151921,162391,0,118266,0,0,32035,48827,3632,0,0,0,0,237944,269523,90803,0,0,1099,133281,32162,3661,190,0,0,151468,484425,318120,84454,183509,949902,528686,26995,619100,492085,0,33412,492460,84498
0,4466,123,0,0,0,0,0,0,0,0,0,0,0,0,0,0,0,0,0,0,0,0,0,10615,0,2002,0,0,0,0,0,1938,0,0,0,0,0,0,0,0,0,0,0,0,0,0,0,0,0,0,0,0,714,0,0,0,0,0,0,0,1475,0,0,0,0,0,0,0,0,9915
0,8143,0,124171,0,0,0,607,0,0,0,0,0,17616,0,0,0,0,0,0,0,0,364,0,64649,0,2035,0,0,0,0,0,2327,0,0,0,0,0,0,0,0,0,0,0,0,0,0,0,0,0,0,0,0,0,0,0,0,0,0,0,0,1660,0,0,0,0,0,0,0,0,7263
0,42904,0,0,0,0,0,0,0,0,0,0,0,0,0,0,0,0,0,0,0,0,0,0,0,0,0,0,0,0,0,0,0,0,0,0,0,0,0,0,0,0,0,0,0,0,0,0,0,0,0,0,0,0,0,0,0,0,0,0,0,0,0,0,0,0,0,0,0,0,0
3162,257651,374551,0,77181,90990,48651,107927,0,0,796,2240,66879,37159,0,335392,0,0,785231,0,41136,27917,0,9934,41571,0,9654,0,0,0,21458,0,15418,14578,0,0,0,0,30798,2624,0,0,0,0,0,0,0,77504,0,0,0,425671,339371,3353,0,0,0,2221,78523,0,0,176713,25073,343,120640,0,0,0,0,0,0
0,2366,0,0,0,0,0,0,0,0,0,0,0,0,0,0,0,0,0,0,0,0,0,0,0,0,0,0,0,0,0,0,0,0,0,0,0,0,0,0,0,0,0,0,0,0,0,0,0,0,0,0,0,0,0,0,0,0,0,0,0,0,0,0,0,0,0,0,0,0,0
956,203,984,0,0,0,0,0,0,0,0,0,0,0,0,0,0,0,0,0,0,0,0,0,0,0,0,0,0,0,0,0,0,0,0,0,0,0,0,0,0,0,0,0,0,0,0,0,0,0,0,0,0,0,0,0,0,0,0,0,0,8431,0,0,0,0,0,0,0,0,0
0,0,0,0,0,0,0,0,0,0,0,699,0,0,68800,7068,0,0,0,0,0,0,0,0,5148,0,0,0,0,0,0,0,0,0,0,0,0,0,0,0,0,0,0,0,0,0,0,0,0,0,0,0,0,1373,0,0,0,0,0,0,0,2547,0,0,0,0,0,0,0,0,0
0,0,0,0,0,0,374,0,0,0,0,0,0,0,0,4469,0,0,0,0,0,0,0,0,0,0,0,0,0,0,0,0,0,0,0,0,0,0,0,0,0,0,0,0,0,0,0,0,0,0,0,0,0,0,0,0,0,0,0,0,0,0,0,0,0,0,0,0,0,0,0
0,1294,1774,0,0,0,1107,0,0,0,355,0,742,0,0,0,0,0,406,0,0,0,0,0,1382,0,0,0,0,0,0,0,0,0,0,0,0,0,0,0,0,0,0,0,0,0,0,0,0,0,0,0,0,0,0,0,0,0,0,0,0,0,0,0,0,0,0,0,0,0,0
0,0,0,0,0,0,0,0,0,0,0,0,0,0,0,0,0,0,0,0,0,0,0,0,0,0,0,0,0,0,0,0,0,0,0,0,0,0,0,0,0,0,0,0,0,0,0,0,399,0,0,0,0,0,0,0,0,0,0,0,0,0,0,0,0,0,0,0,0,0,0
572,0,0,0,0,0,384,2566,0,340,0,0,1245,508,0,0,0,0,0,0,0,0,0,0,1664,0,0,0,0,458,0,0,0,130,0,0,0,0,0,0,0,0,0,0,0,0,0,0,0,0,0,0,0,0,0,0,0,0,0,0,0,0,0,0,0,0,0,0,10542,0,2965
0,51,41230,0,0,4283,2492,122274,33387,266689,0,0,1489,3064,61846,23976,0,0,18659,0,0,4443,0,0,0,0,0,68563,0,13302,2266,0,8407,48,0,0,0,0,11188,11333,0,0,0,0,0,0,0,0,0,0,0,49727,13137,0,0,0,0,266,0,0,0,18747,66017,9176,0,6941,0,5171,890099,3025,17966
1421638,16191,153,0,0,36875,7422,6828,0,23789,0,0,0,96363,0,135506,1122,0,26973,0,163569,0,0,941,2010,0,899,19997,0,2081,734,0,21883,37103,0,0,0,0,0,10325,0,0,1499,0,0,0,0,0,0,0,0,0,0,0,0,0,0,0,0,0,0,546,0,0,0,0,0,0,109591,0,8191
0,0,0,0,0,0,0,0,0,0,0,0,0,0,0,0,0,0,0,0,0,0,0,0,10780,0,0,0,0,0,0,0,0,0,0,0,0,0,0,0,0,0,0,0,0,0,0,0,0,0,0,0,0,0,0,0,0,0,0,0,0,0,0,0,0,0,0,0,553,0,0
0,0,0,0,0,0,0,0,0,0,0,0,0,0,0,0,0,0,0,0,0,0,0,0,0,0,0,0,0,0,0,0,0,0,0,0,0,0,0,0,0,0,0,0,0,0,65944,0,0,0,0,0,0,0,0,0,0,0,0,0,0,0,0,0,0,0,0,0,0,0,0
0,0,0,0,0,0,0,0,0,0,0,0,0,0,0,0,0,0,0,0,0,0,0,16505,0,0,0,0,0,0,0,0,0,0,0,0,0,0,0,0,0,0,0,0,0,0,0,0,0,0,0,0,0,0,0,0,0,0,0,0,0,0,0,0,0,0,0,0,0,0,0
0,0,0,0,0,0,0,0,0,0,0,0,0,0,0,0,0,0,0,0,0,0,0,427,0,0,0,0,0,0,0,0,0,0,0,0,0,0,0,0,0,0,0,0,0,0,0,0,0,0,0,0,0,0,0,0,0,0,0,0,0,0,0,0,0,0,0,0,0,0,0
0,0,0,0,0,0,0,0,0,0,0,0,0,0,0,0,0,0,0,0,0,0,0,0,0,0,0,0,0,0,0,0,0,0,0,0,0,0,0,0,0,0,0,0,0,0,0,0,39021,0,425,0,0,0,0,0,0,0,0,0,0,0,0,0,0,0,0,0,0,0,0
0,0,0,0,0,0,0,1243,0,0,0,0,0,0,0,0,0,0,0,0,0,0,0,0,0,0,0,0,0,0,0,0,0,0,0,0,0,0,0,0,0,0,0,0,0,0,0,0,0,0,0,0,0,0,0,0,0,0,0,0,0,0,0,0,0,0,0,0,0,0,0
0,0,0,0,0,0,0,0,0,0,0,0,0,0,0,0,0,0,0,0,0,0,0,0,0,0,0,0,0,0,0,0,0,0,0,0,0,25870,0,0,1792,0,0,0,0,0,0,0,69840,0,0,0,0,0,0,0,0,0,0,0,0,0,0,0,0,0,0,0,0,0,0
0,0,0,0,0,0,0,0,0,0,0,0,0,0,0,0,0,0,0,0,0,0,0,0,0,0,0,0,0,0,0,0,0,0,0,0,0,0,0,0,4120,0,0,0,0,0,0,0,0,0,0,0,0,0,0,0,0,0,0,0,0,0,0,0,0,695,0,0,0,0,0
0,0,953,0,382,0,0,0,0,0,0,0,3170,1588,0,0,0,0,681,0,0,0,0,0,0,0,0,0,21142,0,0,0,0,0,0,0,0,0,0,0,0,0,0,0,0,0,0,0,0,0,0,574,866,0,0,0,0,0,0,0,0,249,0,0,257,0,0,0,0,0,0
0,0,0,0,0,0,0,0,0,0,0,0,0,0,0,0,0,0,0,0,0,0,0,0,0,0,0,0,0,675,0,0,0,0,0,0,0,0,0,0,0,0,0,0,0,0,0,0,0,0,0,0,0,0,0,0,0,0,0,0,0,0,0,0,0,0,0,0,0,0,0
0,0,0,0,0,0,0,0,0,0,0,0,0,21033,0,0,0,0,0,0,0,0,0,0,0,0,0,0,0,64,0,0,0,0,0,0,0,0,0,0,0,0,0,0,0,0,0,0,0,0,0,0,0,0,0,0,0,0,0,0,0,0,0,0,0,0,0,0,0,0,0
0,0,0,0,0,0,34490,0,0,0,0,0,0,0,0,0,0,0,0,0,0,0,0,0,0,0,0,0,0,0,0,0,0,0,0,0,0,0,0,0,0,0,0,0,0,0,0,0,0,0,0,0,0,0,0,0,0,0,0,0,0,0,0,0,0,0,0,0,0,0,0
325,969,2051,0,39,2514,0,0,150,0,0,0,7052,225503,256,3016,0,0,875,0,0,0,0,0,702,0,0,0,0,106073,0,1203,219,0,0,2936,0,0,0,3834,0,0,0,0,188,0,47726,0,0,0,0,37,0,1361,0,0,0,13209,3232,333,2535,889,808,440,7659,0,0,0,0,0,4342
0,1191,0,0,0,3338,0,0,0,0,0,0,0,227716,0,0,0,0,0,0,0,0,0,0,0,0,0,0,0,1921,0,0,0,0,0,0,0,0,0,0,0,0,0,0,0,0,0,0,0,0,0,0,0,0,0,0,0,0,0,0,0,0,0,0,0,0,0,0,0,0,843
0,0,0,0,0,0,0,0,0,0,0,0,0,0,0,0,0,0,0,0,0,0,0,0,0,0,0,0,0,0,0,0,0,0,0,0,0,0,0,0,9390302,0,0,0,0,0,0,0,0,0,0,0,0,0,0,0,0,0,0,0,0,0,0,0,0,0,0,0,0,0,0
0,0,0,0,0,0,0,0,0,0,0,0,0,0,0,0,0,0,0,0,0,0,0,0,0,0,0,0,0,0,0,0,0,0,0,0,0,0,0,0,2251392,0,0,0,0,0,0,0,0,0,0,0,0,0,0,0,0,0,0,0,0,0,0,0,0,0,0,0,0,0,0
0,0,0,0,0,0,0,0,0,0,0,0,0,0,0,0,0,0,0,0,0,0,0,0,0,0,0,0,0,0,0,0,0,0,0,0,0,0,0,0,0,0,0,0,0,0,0,0,0,0,0,0,0,0,0,0,0,0,0,0,0,0,0,0,0,0,0,0,0,0,0
0,0,0,0,0,0,0,0,0,0,0,0,0,0,0,0,0,0,0,0,0,0,0,0,0,0,0,0,0,0,0,0,0,0,0,0,0,0,0,0,0,0,0,0,0,0,0,0,0,0,0,0,0,0,0,0,0,0,0,0,0,0,0,0,0,0,0,0,0,0,0
77117,96707,0,0,5800,0,80575,8188,9284,0,0,4413,0,69649,119579,62259,0,0,1190,0,84502,1125,27571,45447,0,1981,0,0,34368,0,0,8181,21698,22003,0,12835,0,0,0,59276,0,0,0,0,0,0,0,0,0,0,0,0,2389,0,0,0,0,0,0,0,0,0,0,0,0,0,0,0,0,36138,66360
0,0,0,0,0,0,0,0,0,0,0,0,0,0,0,0,0,0,0,0,0,0,0,0,0,0,0,0,0,0,0,3018,0,0,0,0,0,0,0,0,0,0,0,0,0,0,0,0,0,0,0,0,0,0,0,0,0,0,0,0,0,0,0,0,0,0,0,0,0,0,0
1065,0,0,0,0,0,0,0,0,0,0,0,0,0,0,2131,0,0,0,0,0,0,0,0,1065,0,0,0,0,0,0,0,0,0,0,0,0,0,0,1065,0,0,0,0,0,0,0,0,1065,0,0,0,0,0,0,0,0,0,0,0,0,0,0,0,0,0,0,0,0,0,0
0,0,0,0,0,0,0,0,0,0,0,0,0,0,0,0,0,0,0,0,0,0,0,0,1579,0,0,0,0,0,0,0,0,0,0,0,0,0,0,0,0,0,0,0,0,0,0,0,0,0,0,0,0,0,0,0,0,0,0,0,0,0,0,0,0,0,0,0,0,0,2063
0,0,0,0,0,0,0,0,0,0,0,0,0,0,1683,1935,0,0,0,0,0,0,0,0,0,0,0,0,0,0,0,0,0,0,0,0,0,0,28557,0,0,0,0,0,0,0,0,0,0,0,0,0,1039,0,0,0,0,0,0,0,0,0,0,0,0,0,0,0,0,0,2046
8950,6012,108505,0,0,0,2651,0,0,0,7749,0,17411,4339,0,134539,0,0,7136,0,0,493,0,0,0,0,0,0,0,0,0,0,510,0,0,0,0,0,8794,0,0,0,0,0,0,0,0,0,0,0,0,195900,1783064,6044,0,0,0,0,0,0,0,603185,13992,0,11572,0,0,0,0,0,113467
0,344,0,0,0,0,0,0,0,0,0,0,0,0,0,0,0,0,0,0,0,0,0,0,0,0,0,0,0,0,0,0,0,0,0,0,0,0,0,0,0,0,0,0,0,0,0,0,0,0,0,0,0,0,0,0,0,0,0,0,0,0,0,0,0,0,0,0,0,0,0
0,0,0,0,1072,0,0,0,0,0,0,0,0,0,0,2916,0,0,0,0,0,0,0,0,181,0,0,0,0,0,0,0,0,0,0,0,0,0,0,0,0,0,0,0,0,0,0,0,0,0,0,0,1188,1174,0,0,0,181,0,0,0,105,0,0,0,0,0,0,0,0,0
511,5293,0,0,88,0,764,0,0,0,1579,0,1524,0,0,1132,0,0,2207,0,315,0,0,0,2391,0,176,0,0,0,0,0,0,0,0,0,0,0,2185,78,0,0,0,0,0,0,0,0,0,0,0,0,4921,3861,0,0,0,0,0,0,0,1246,0,0,1059,0,0,0,0,0,778
0,13718,0,0,689,0,0,0,0,0,0,0,0,0,0,105061,0,0,2997,0,3530,0,0,0,13373,0,0,0,0,0,0,0,0,0,0,0,0,0,3551,0,0,0,0,0,0,0,0,0,0,0,0,1799,16848,12441,0,0,0,3603,0,0,0,687,0,0,8861,0,0,0,0,0,9714
0,1143,62475,0,0,0,86,0,0,0,0,0,2552,6389,0,378866,0,0,8557,0,0,0,0,0,0,0,0,0,0,0,0,0,0,0,0,0,0,0,0,0,0,0,0,0,0,0,0,0,0,0,0,0,2530,10313,0,0,0,0,0,0,0,75826,18557,0,12188,0,0,0,0,0,139168
7460,71219,577031,0,4543,0,4254,0,0,0,3166,0,0,134978,4425,2382631,0,0,36553,0,29175,3344,2552,0,92722,0,9242,0,0,0,1225,0,2892,0,0,0,0,0,0,8931,0,0,0,0,0,0,0,0,0,0,0,196828,2497367,41173,0,0,0,10433,0,0,0,196616,10920,865,245577,0,0,0,0,0,2437034
0,0,0,0,0,0,0,0,0,0,0,0,0,0,0,0,0,0,0,894,0,0,0,0,0,0,0,0,0,0,0,0,0,0,0,0,0,0,0,0,0,0,0,0,0,0,0,0,0,0,0,574,0,0,0,0,0,0,0,0,0,0,0,0,0,0,0,0,0,0,0
36052,103550,82503,0,8184,26527,67504,109270,0,0,0,0,14204,278550,0,42877,17219,0,16930,0,63840,10356,0,15250,3862,0,2125,211699,0,53493,597,0,94978,53137,0,0,0,0,0,0,0,0,21353,3917,25383,0,0,0,0,0,0,126056,43341,0,0,0,0,19600,132384,6673,79371,73288,5711,0,0,245969,45679,0,59930,0,209272
0,0,0,0,0,0,0,0,0,0,0,0,5618,0,0,0,0,0,0,0,0,0,0,0,0,0,0,0,0,384,0,0,0,0,0,0,0,0,0,0,0,0,0,0,0,0,0,0,541,0,0,0,0,0,0,0,0,0,0,0,0,0,0,0,0,0,0,757,0,0,0
0,0,0,0,0,0,0,0,0,0,0,0,0,0,0,0,0,0,0,0,0,0,0,0,0,0,0,65548,0,0,0,0,0,0,0,0,0,0,0,0,0,0,0,0,0,0,0,0,0,0,0,0,0,0,0,0,0,0,0,0,0,0,0,0,0,0,0,0,0,0,0
0,0,0,0,0,0,0,0,0,0,0,0,0,0,0,0,0,0,0,0,0,0,12589,0,0,0,0,0,0,0,0,0,0,0,0,0,0,0,0,0,0,0,0,0,0,0,0,0,0,0,0,0,0,0,0,0,0,0,0,0,0,0,0,0,0,0,0,0,0,0,0
0,0,0,0,0,45168,0,0,0,0,0,0,4859,0,0,0,0,0,0,0,0,0,0,0,0,0,0,0,0,0,0,0,0,0,0,0,0,0,0,0,0,0,0,0,0,0,0,0,0,0,0,0,0,0,0,0,0,0,0,0,0,0,0,0,0,0,0,0,0,0,0
0,0,0,0,0,0,0,43237,0,0,0,0,0,0,0,0,0,0,0,0,0,0,0,0,0,0,0,0,0,0,0,0,0,0,0,0,0,0,0,0,0,0,0,0,0,0,0,0,0,0,0,0,0,0,0,0,0,0,0,0,0,0,0,0,0,0,0,0,0,0,0
0,0,0,0,0,231428,46,0,0,21809,0,0,13796,9635,0,0,0,0,0,0,0,1159,0,0,0,0,0,0,0,0,0,0,0,0,0,0,0,0,0,0,0,0,0,0,0,0,0,0,0,0,0,0,225,0,0,0,0,0,0,0,0,8695,0,0,0,178,0,0,0,0,0
0,0,0,0,0,0,0,0,0,0,0,0,0,0,0,0,0,0,0,0,0,0,0,0,0,0,0,0,0,0,0,0,0,0,0,0,0,0,0,0,0,0,0,0,0,0,0,0,0,0,0,0,0,0,0,0,0,0,0,0,0,0,0,0,0,0,0,0,0,0,0
0,0,2636,0,0,22018,11759,0,24730,41797,0,0,1991,0,0,0,0,0,0,0,0,186,0,0,4173,0,0,14212,0,1907,515,16545,0,0,0,41323,0,0,0,38416,0,0,0,0,0,0,0,0,0,0,0,1791,1278,0,0,0,0,0,366,0,14569,812,0,0,0,0,22578,35147,12704,64118,15468
0,483,8233,0,0,36959,19619,0,0,0,0,0,3863,0,0,0,0,0,0,0,0,2187,0,0,6577,0,0,27203,0,4200,0,37224,0,0,0,86981,0,0,0,82463,0,0,0,0,0,0,0,0,0,0,0,5689,3669,0,0,0,0,0,2643,166,34477,2716,0,0,0,0,55913,73690,28661,147119,43167
0,0,0,0,0,0,0,33179,0,10105,0,0,0,0,0,0,0,0,0,0,0,0,0,0,0,0,0,0,0,0,0,0,0,0,0,0,0,0,0,0,0,0,0,0,0,0,0,0,0,0,0,0,0,0,0,0,0,211,0,555,0,0,0,0,0,0,0,0,0,0,9585
0,0,0,0,0,125574,0,0,0,0,0,0,0,42,0,0,0,0,0,0,0,0,0,0,0,0,0,0,0,0,0,0,0,0,0,0,0,0,0,0,0,0,0,0,0,0,0,0,0,0,0,0,0,0,0,0,0,0,0,0,0,0,0,0,0,0,0,3974,0,0,0
0,0,46783,0,0,0,20291,69996,50580,1844511,0,239383,16690,0,367072,0,0,0,660291,0,0,32089,0,0,0,0,0,0,16361,138214,0,21003,28903,0,0,63726,0,0,41721,815825,0,0,0,0,0,0,93038,0,0,0,0,768605,2201038,28453,0,164780,0,566335,165217,96162,83376,124475,0,45883,12961,0,229692,907656,334412,1337782,1687945
0,0,0,0,0,0,0,0,0,0,0,0,0,0,0,0,0,0,0,367,0,0,3823,0,418496,54,0,0,0,0,0,0,0,0,0,419,0,0,0,0,0,0,0,0,0,0,0,0,0,0,0,0,0,0,0,0,0,0,0,0,0,0,0,0,0,0,0,0,0,0,0
37709,26227,0,0,10001,22478,33209,0,17398,479,0,0,10357,26178,0,416481,0,4545,20121,181669,15260,1975,0,13187,0,0,0,99722,32427,66469,0,8569,6348,6573,0,42420,0,0,0,0,0,0,0,0,1923,601,0,0,2704,0,0,0,0,0,816,36614,0,0,0,2644,0,0,0,0,0,0,0,0,0,0,0
0,0,0,0,0,0,0,1814,0,0,0,0,0,0,0,0,0,0,0,0,0,0,0,0,0,0,0,0,0,0,0,0,0,0,0,1452,0,0,0,0,0,0,0,0,0,0,0,0,0,0,0,0,0,0,0,0,0,0,0,0,0,0,0,0,0,0,0,0,0,0,0
0,0,0,0,0,0,0,0,0,0,0,0,0,0,0,0,0,0,0,0,0,0,0,0,13426,0,0,0,0,0,0,0,0,0,0,0,0,0,0,0,0,0,0,0,0,0,0,0,0,0,0,0,0,0,0,0,0,0,0,0,0,0,0,0,0,0,0,0,0,0,0
3964,2478,5791,0,9821,38020,155701,137418,54616,303053,217,0,21320,8775,1874,283798,0,2230,22839,0,5825,217,0,2271,9937,0,132,4237,3649,16670,6951,161450,20609,2756,0,9804,0,0,0,468877,0,0,1595,0,220,0,0,0,0,0,0,0,0,2641,0,69255,0,0,8494,1370,2316,1266,0,0,0,3312,288538,43755,31006,605,3404
0,0,0,0,0,0,0,43600,0,35327,0,0,0,0,0,0,0,0,0,0,0,0,0,0,0,0,0,0,0,0,0,0,0,0,0,0,0,0,0,0,0,0,0,0,0,0,0,0,0,0,0,0,0,0,0,0,0,0,0,0,0,0,0,0,0,0,0,0,0,0,0
0,2691,2116,0,0,993,844,0,529,0,0,0,635,0,0,28561,0,0,2447,0,0,0,0,0,13557,1474,0,1768,6143,0,0,0,0,1795,0,3323,0,0,437,32171,0,0,0,0,0,0,0,0,0,0,0,33618,262514,270,0,0,0,1307,10457,7104,1324,2041,0,0,0,0,6338,0,0,314,6244
0,0,0,0,0,26837,276,0,0,0,0,0,4958,0,0,0,0,0,0,0,0,0,0,0,0,0,0,0,0,0,0,0,0,0,0,0,0,0,0,0,0,0,0,0,0,0,0,0,0,0,0,0,0,0,0,0,0,0,0,0,0,0,0,0,0,0,0,0,0,0,0
0,0,0,0,0,0,0,0,0,0,0,0,0,0,0,0,0,0,0,0,0,0,0,0,0,0,0,0,0,0,0,0,0,0,0,0,0,0,0,0,0,0,0,0,0,0,0,0,0,0,0,0,0,0,0,0,0,253,0,0,0,0,0,0,0,0,0,0,0,0,0
0,0,0,0,0,25962,0,2970,501,412,0,0,28086,0,0,0,0,0,0,0,0,0,0,0,0,0,0,0,0,0,0,0,0,0,0,10765,0,0,0,0,0,0,0,0,0,0,0,0,0,0,0,0,0,2552,0,0,0,0,0,0,0,0,0,0,0,0,0,0,0,0,0
0,0,0,0,0,1090,7445,0,138,2383,0,0,3400,0,0,0,0,0,0,0,0,0,0,0,0,0,0,0,0,0,0,0,0,0,0,188,0,0,0,0,0,0,0,0,0,0,0,0,0,0,0,0,1488,0,0,0,0,0,0,0,0,0,0,0,0,0,0,0,3604,0,0
0,0,0,0,2095,41879,220177,84641,27830,51282,0,0,1768,0,0,0,0,0,8360,0,0,0,0,0,0,0,0,0,0,0,0,0,80842,338,0,10056,0,0,0,402521,0,0,0,0,0,0,0,0,0,0,0,0,0,0,0,0,0,0,0,5199,0,10231,0,0,0,2505,13265,0,35767,8649,45951
0,0,0,0,0,1737,0,0,0,0,0,0,0,0,0,0,0,0,0,0,0,0,0,0,0,0,0,0,0,0,0,0,0,0,0,0,0,0,0,0,0,0,0,0,0,0,0,0,0,0,0,0,0,0,0,0,0,0,0,0,0,0,0,0,0,0,0,0,0,0,0
7681,5309,0,0,0,877,30708,2211,524,3070,0,0,6557,2058,4940,76166,0,0,2311,8457,3793,0,0,2233,1226,0,0,3791,4800,1739,0,8750,1318,967,0,12757,0,0,0,185579,0,0,0,0,0,0,0,0,0,0,0,0,303,0,0,996,0,0,0,242,0,0,0,0,0,2855,983,0,4268,1880,1178
0,0,0,0,0,511,0,0,0,0,0,0,0,0,0,0,0,0,0,0,1415,0,0,0,0,0,0,0,0,0,0,0,827,0,0,0,0,0,0,0,0,0,0,0,0,0,0,0,0,0,0,0,0,0,0,0,0,0,0,0,0,0,0,0,0,0,0,0,0,0,0
0,0,0,0,0,4695,356,0,1248,176,0,13714,0,944,0,0,548,10864,0,2599,0,0,17621,0,0,0,0,0,0,0,0,0,0,0,0,0,0,0,0,0,0,0,0,0,0,0,0,0,0,0,0,0,0,0,0,475,0,0,0,0,0,0,0,0,0,0,0,0,0,0,0
0,0,0,0,0,0,0,314,4034,137658,0,0,0,457,0,558,0,0,0,0,0,0,0,0,0,0,0,0,0,35299,0,9550,0,0,0,34236,0,0,703,0,0,0,0,0,0,0,0,371,0,0,0,0,0,2467,0,531,0,2557,2133,4626,0,0,0,0,1475,0,0,153,0,128106,0
0,0,0,13097,0,0,0,0,0,0,0,0,0,0,0,0,0,0,0,0,0,0,0,0,0,0,0,0,0,75449,0,0,0,0,17268,10938,0,0,0,0,0,0,0,0,0,0,0,0,0,0,0,0,0,894838,0,0,0,72489,0,0,0,0,0,0,0,0,0,0,0,0,0
2460,0,0,0,0,0,0,0,0,0,0,0,0,0,0,0,0,7381,0,0,0,0,0,0,0,0,0,0,0,0,0,0,0,0,2415,0,0,0,0,0,0,0,0,0,0,0,0,0,0,0,0,0,0,0,0,0,0,0,0,0,0,0,0,0,0,0,0,0,0,0,0
0,0,0,0,0,0,0,0,0,0,0,0,0,0,0,0,0,0,0,0,0,0,0,0,0,0,0,0,0,0,0,0,0,0,0,0,0,0,0,0,0,0,0,0,4937,0,0,0,0,0,0,0,0,0,0,0,0,0,0,0,0,0,0,0,0,0,0,0,0,0,0
0,0,0,537,0,0,0,0,0,0,0,0,692,121,0,0,121,176,0,0,0,0,0,0,0,0,0,0,0,0,0,0,0,0,0,0,0,0,0,0,0,0,0,0,0,0,0,0,0,2299,721,0,0,0,0,0,0,0,0,0,0,0,0,0,0,0,0,0,0,0,0
0,0,0,2071,0,0,0,1685,0,0,0,548,1105,1025,0,0,1372,2061,0,0,0,0,820,0,0,870,0,0,0,0,0,0,0,0,0,0,0,0,0,0,0,0,0,0,0,0,0,0,0,2211,1526,0,0,0,0,0,0,0,0,0,0,0,0,0,0,0,0,0,0,0,0
951,8445,859,0,4558,0,0,0,0,0,0,0,0,111448,9150,575446,0,0,7899,0,0,0,0,2791,0,0,559,0,0,0,7091,45379,215,0,0,76392,0,603,7399,8315,545,0,0,0,0,0,0,0,0,0,0,0,5097,0,0,0,0,20478,28278,27683,1790,1713,0,0,61039,0,1815,221871,0,6170,0
8885,0,15602,0,13548,1157,2474,39858,285,126113,0,0,0,0,0,10989,70380,3274,45749,30550,127879,7886,0,40823,0,0,0,9643,0,421658,2175,196459,48999,2893,0,37677,0,0,15639,20479,0,0,0,0,953,4476,51686,22878,428739,0,238841,0,0,15849,0,0,1710,4775,76534,0,0,34471,0,0,109,0,0,0,54314,0,4402
96467,926707,4758973,2501,258439,304530,773731,391836,8006349,7600693,4995,509388,2751629,401841,1395234,2888172,1989946,1507188,432550,64735,484059,252212,12215,1475535,22665,2464221,6207906,121817,77431,84063,106655,2101281,135420,676844,0,2206518,37689,75041,2427033,1885917,4631980,2111,0,944431,19692,6759050,11229792,6690658,1559378,0,781416,6363050,596941,11672,1299,599579,0,1137215,4218062,3277426,4761100,3155471,2522884,3068692,1713463,1921155,2093764,10705727,3229899,4755863,2217996
0,53626,0,0,28277,0,0,0,0,0,0,0,0,0,0,0,2208819,1716023,290185,37338,260952,0,0,0,4618,0,0,74063,27660,13715,0,0,78202,0,0,0,0,0,0,0,0,0,0,0,0,0,0,0,1353481,0,495065,0,0,0,746,401205,1717,0,0,0,0,0,0,0,0,0,0,0,0,0,0
0,0,0,0,0,0,0,0,0,0,0,0,0,0,0,0,0,0,0,0,0,0,0,0,0,0,0,0,0,0,0,5038,0,0,0,0,0,0,0,0,0,0,0,0,0,0,0,0,0,0,0,0,0,0,0,0,0,0,0,0,0,0,0,0,0,0,0,0,0,0,0
0,0,0,0,0,0,0,0,0,0,0,0,0,0,0,0,0,0,0,0,0,0,0,0,0,0,0,0,0,0,0,0,0,0,0,0,0,0,0,0,0,0,0,0,0,0,0,0,0,0,0,0,0,0,0,0,0,0,0,0,0,0,0,0,0,0,0,0,0,0,0
0,0,0,0,0,0,0,0,0,0,0,0,0,0,0,0,0,0,0,0,0,0,0,0,0,0,0,0,0,0,0,0,0,0,0,0,0,0,0,0,0,0,0,0,0,0,0,0,0,0,0,0,0,0,0,0,0,0,0,0,0,0,0,0,0,0,0,0,0,0,0
0,0,0,0,0,2057,0,0,0,0,0,0,0,0,0,0,0,0,0,0,0,0,0,0,0,0,0,0,0,0,0,0,0,0,0,0,0,0,0,0,0,0,250,0,0,0,0,0,0,0,0,0,0,0,0,0,0,0,0,0,0,0,0,0,0,0,0,0,0,0,0
0,0,0,0,0,1361,0,0,0,0,0,0,1987,0,0,0,0,3742,0,1422,0,0,0,432,0,0,0,312,0,3169,0,6849,0,0,0,15206,0,0,0,0,0,0,391,0,185,2533,5685,0,0,0,0,0,0,0,0,0,0,0,0,3934,0,0,0,0,0,0,0,0,0,0,0
0,0,0,0,0,0,0,0,0,0,0,0,229,0,0,0,0,0,0,0,0,0,0,0,0,0,0,0,0,0,0,0,0,0,0,0,0,0,0,0,0,0,0,0,0,0,0,0,0,0,0,3616,0,0,0,0,0,380,0,0,0,0,0,0,0,0,0,0,0,0,0
7794,110,0,0,0,0,5605,0,0,0,0,0,0,26946,10466,14657,0,0,539,0,0,0,0,707,0,0,0,0,659,0,0,0,2972,0,0,0,0,0,0,165,0,0,0,0,0,0,0,0,0,0,0,0,0,0,0,0,0,0,0,0,0,0,0,0,0,432,0,0,0,0,0
0,0,0,0,0,0,881,0,0,0,0,0,0,0,0,0,0,0,0,0,0,0,0,0,6913,0,0,0,0,0,0,0,0,0,0,0,0,0,0,0,0,0,0,0,0,0,0,0,0,0,0,0,0,0,0,0,0,0,0,0,0,0,0,0,0,0,0,0,0,0,0
0,0,0,0,0,0,2692,0,0,0,0,0,10498,102,0,0,0,0,0,0,0,1039,0,0,0,0,0,0,0,0,0,0,0,0,0,0,0,0,0,0,0,0,0,0,0,0,0,0,0,0,0,0,0,0,0,0,0,0,0,0,0,0,0,0,0,0,0,0,0,0,0
0,0,0,0,0,0,3812,0,0,0,0,0,0,0,0,0,0,0,0,0,0,0,0,0,2152,0,0,0,0,0,0,0,0,0,0,0,0,0,0,0,0,0,0,0,0,0,0,0,0,0,0,0,0,0,0,0,0,0,0,0,0,0,0,0,0,0,0,0,0,0,0
0,0,0,0,0,0,0,0,0,17969,0,0,0,0,0,0,0,0,0,0,0,0,0,0,0,0,0,345,0,5284,0,0,0,0,0,0,0,0,0,0,0,0,0,0,0,0,0,0,0,0,0,0,0,0,0,0,0,0,0,0,0,0,0,0,0,0,0,0,0,0,0
0,0,0,0,0,18404,0,0,0,0,0,0,0,0,0,0,0,0,0,0,0,0,0,0,0,0,0,0,0,0,0,0,0,0,0,0,0,0,0,0,0,0,0,0,0,0,0,0,0,0,0,0,0,0,0,0,0,0,0,0,0,0,0,0,0,0,0,0,0,0,0
0,0,0,0,0,50596,38,0,0,0,0,0,0,0,0,0,0,0,0,0,0,0,0,0,0,0,0,0,0,0,0,0,0,0,0,0,0,0,0,0,0,0,0,0,0,0,0,0,0,0,0,0,0,0,0,0,0,0,0,0,0,0,0,0,0,0,0,0,0,0,0
0,65350,13227,0,5656,75674,40914,254140,5077,327616,0,0,157259,124288,39854,30077,0,0,40243,0,0,8094,0,3219,37505,0,0,13977,0,23562,550,564070,19282,2337,0,0,0,0,2011,890809,0,0,0,0,0,0,0,0,0,0,0,3113,6566,0,0,0,0,0,22245,44,0,3347,0,0,0,2532,0,284728,1242646,0,12037
385131,14788,0,0,0,3613,0,6277,0,29143,19456,0,1491634,0,0,0,840864,0,134978,101203,0,8065589,242995,9360,12845830,34261,0,0,0,0,0,0,215,0,0,0,289713,1038485,1177127,0,0,0,0,0,0,91656,0,143835,0,0,0,0,0,0,81925,112,29916,0,0,0,0,230277,0,0,0,0,0,0,561745,23009,252592
0,0,0,0,0,0,0,0,0,0,0,0,0,0,0,0,0,0,0,0,0,0,0,0,0,0,0,0,0,0,0,0,0,0,0,0,0,0,0,0,0,0,0,0,0,0,0,0,67448,0,0,0,0,0,0,0,0,0,0,0,0,0,0,0,0,0,0,0,0,0,0
219735,268905,23862,0,5249,101907,22352,109415,0,0,0,0,233,28013,0,11161,3541,0,36838,0,90405,9571,0,5698,120,0,623,0,0,0,267,0,164251,150899,0,0,0,0,0,8765,0,0,3154,0,0,0,0,0,0,0,0,20210,11041,0,0,0,0,1022,0,0,0,22532,758,0,0,10731,0,0,15094,0,8991
0,0,0,0,0,0,0,0,0,0,0,0,0,3007,0,0,0,0,2087,0,0,0,0,0,9744,0,0,0,0,0,5898,0,0,0,0,0,0,0,0,0,0,0,0,0,0,0,0,0,0,0,0,0,0,0,0,0,0,0,0,0,0,0,0,0,0,0,0,0,0,0,0
14209,30173,10305,0,2209,5428,2365,0,0,0,805,0,710504,20308,0,475060,0,0,7609,0,0,0,0,0,0,0,9116,1599,0,76987,16700,0,117,0,0,0,0,0,218056,0,0,0,0,0,0,0,0,0,0,0,0,253908,87876,0,0,0,0,177443,6113,11026,0,275152,0,0,5309,1142572,125474,0,15298,0,2044
0,0,2524,0,0,93,0,0,0,0,0,0,1927,5965,0,0,0,0,82,0,0,916,0,0,0,0,0,0,0,0,0,0,0,0,0,0,0,0,0,21007,0,0,0,0,0,0,0,0,0,0,0,1978,1067,0,0,0,0,0,0,0,0,0,0,0,0,0,0,32306,0,0,0
0,0,2170,0,7671,0,0,0,0,0,0,0,62676,95,0,0,0,0,94,0,0,9046,0,840,308,0,0,0,0,0,0,0,0,0,0,0,0,0,0,0,0,0,0,0,0,0,0,0,0,0,0,0,0,14822,0,0,0,0,0,0,0,0,0,0,8110,0,0,0,0,0,0
331,864,973,0,4301,56,1725,894,0,1096,0,0,0,0,0,0,0,0,1083,0,0,1451,0,5935,0,0,891,2256,0,184729,6431,0,2116,2035,0,0,0,0,0,0,0,0,0,0,0,0,0,0,0,0,0,0,0,6943,0,0,0,10076,0,0,0,0,215,0,323,0,0,0,0,0,0
4929,28076,47908,0,5043,126197,113467,71078,9600,0,552,10706,153438,45282,5087,347263,0,0,6304,44045,713,15129,12694,8825,13453,284049,19585,25819,0,187826,40101,120328,10086,4512,0,43183,0,0,453220,63824,5973,0,0,3700,0,16053,119433,8763,0,0,0,62563,133163,9368,0,28889,0,0,14474,22130,9537,125666,60539,91563,59550,10763,734,24101,0,37149,50530
8677,0,0,0,0,1074,0,38830,0,10676,0,0,8124,3316,0,34748,0,0,0,0,0,24944,2601,0,152260,0,0,0,0,0,0,0,0,0,0,0,0,0,0,0,0,0,0,0,0,0,0,0,0,0,0,0,0,9803,0,0,0,31184,0,0,0,0,0,0,18119,0,0,11825,0,0,0
29875,39483,3689,0,17414,6472,116413,59766,17263,46182,4024,5017,146588,12664,0,58385,0,0,39414,1298,1141,18284,200,3087,45023,0,165621,0,0,51396,1487,2139,5618,1774,0,35322,0,0,298436,1391,0,0,0,0,0,0,0,8815,0,0,0,12070,183,50203,0,0,4830,7754,2906,94951,850,8067,1249741,0,273566,0,0,4944,0,0,2187
0,0,0,0,0,0,0,0,0,0,0,0,0,0,0,0,0,0,8773,0,0,0,7126,510,0,0,0,0,0,0,0,0,0,0,0,0,0,0,0,0,0,0,0,0,0,0,0,0,0,0,0,0,0,0,0,0,0,0,0,0,0,0,0,0,0,0,0,0,0,0,0
0,0,858,0,3506,0,0,0,0,0,0,0,0,0,0,0,0,0,0,0,0,133,0,0,0,0,0,0,0,0,0,0,0,0,0,0,0,0,0,0,0,0,0,0,0,0,0,0,0,0,0,0,0,1083,0,0,0,0,0,0,0,0,0,0,930,0,0,0,0,0,0
3037950,1901099,2787823,1069,263338,788616,271954,2302390,367996,623696,0,823626,510986,394327,541552,667956,13458,4282771,1737370,1162,993464,711264,4713,474568,282237,0,689395,6458403,2254260,1167384,0,0,1261889,2144554,0,0,1741,0,4077,199610,0,0,788621,1695855,57308,0,0,843353,1811286,2726,1293763,0,9441,37156,0,0,399,2847,0,0,0,20735,3937646,1896593,144597,8906,1202320,0,1590889,0,191584
0,13005,0,0,0,4019,1617,0,0,0,0,0,0,0,0,4580,0,68729,5488,0,0,7400,0,3517,367,0,480,523,0,1820,0,0,99055,15228,0,310797,0,0,0,4848,0,0,0,608,0,245,0,0,0,0,0,0,409,0,0,1259744,0,0,0,1387,0,311,0,6169,15746,0,7449,0,0,27305,1083
0,269,0,0,0,0,0,0,0,0,0,0,0,0,0,0,0,0,0,0,0,0,0,0,0,0,0,0,0,0,0,0,0,0,0,0,0,0,0,0,0,0,0,0,0,0,0,0,0,0,0,0,0,0,0,0,0,0,0,0,0,667,0,0,0,0,0,0,0,0,0
0,0,0,0,0,0,0,0,0,0,0,0,0,0,0,0,0,0,6506,0,0,0,0,0,0,0,0,0,0,0,0,0,0,0,0,0,0,0,0,0,0,0,0,0,0,0,0,0,0,0,0,0,0,0,0,0,0,0,0,0,0,0,0,0,0,0,0,0,0,0,0
1671546,2382457,2395138,1969,1832515,204153,1079680,126,6653797,1534,0,20269,293204,647748,560495,187316,64397,17233,1866557,2605452,1950863,2115772,3186334,9290106,105439,1965313,779909,2202712,0,790680,669043,6810269,101732,3759197,0,0,976,0,0,33916,0,0,0,0,0,18728,0,1681601,0,0,0,865,17795,56107,0,0,38,765,0,1206964,2841242,272413,572027,47908,54409,0,0,0,147616,0,0
1500,1900,5598,0,15002,0,2672,3277,0,13707,93,0,298371,15100,0,50261,0,0,19539,0,534,28586,0,7643,0,0,12128,2264,0,218827,9745,0,2445,0,0,0,0,0,0,0,0,0,0,0,0,0,0,11277,0,0,0,0,1943,64355,0,0,0,203171,0,1311,0,0,76498,0,122972,0,0,0,32053,0,578
0,0,0,0,0,0,0,0,0,0,0,0,0,0,0,0,0,0,0,0,0,0,0,0,0,0,0,0,0,0,0,0,6099,0,0,0,0,0,0,0,0,0,0,0,0,0,0,0,0,0,0,0,0,0,0,0,0,0,0,0,0,0,0,0,0,0,0,0,0,0,0
0,0,0,0,0,0,0,0,0,0,0,0,0,0,0,0,0,0,0,0,0,0,0,0,0,0,0,0,0,0,0,0,0,0,0,0,0,0,0,0,0,0,0,0,0,0,0,0,0,0,0,0,0,0,0,0,0,0,0,0,0,0,0,0,0,0,0,0,0,82572,0
0,0,0,0,0,0,0,0,0,0,0,0,0,0,0,50526,0,0,0,0,0,0,0,0,0,0,0,0,0,0,0,0,0,0,0,0,0,0,0,0,0,0,0,0,0,0,0,0,0,0,0,0,0,0,0,0,0,0,0,0,0,0,0,0,0,0,0,0,0,0,0
0,0,0,0,0,0,0,0,0,1098,0,0,0,0,0,0,0,0,0,0,0,0,208,641,0,0,0,0,0,0,0,1743,0,0,0,0,0,0,0,0,0,0,0,0,0,0,0,0,0,0,0,0,0,0,0,0,0,0,0,0,0,0,0,0,0,0,0,0,0,0,0
26283,32224,0,0,0,0,0,0,0,0,0,0,0,0,0,8957,0,0,3299,137,0,4053,0,1186,6980,0,811,113,0,0,0,0,985,4458,0,6313,0,0,0,0,0,0,0,0,0,0,0,0,35603,0,25322,0,394,0,0,0,213,0,0,0,0,0,0,0,0,0,0,0,0,0,0
0,105009,0,0,96275,0,0,15179,0,2723,0,0,0,45141,26871,4266,0,0,58229,40251,122408,0,82764,58229,0,17034,37340,96825,0,3933,26235,331560,5876,0,0,0,0,0,0,0,0,0,0,0,0,0,0,3871,0,0,25724,0,0,3719,0,0,0,0,0,17699,15759,0,2795,0,0,0,0,0,0,0,0
1584892,1985416,73780,3026,102134,8477,309890,1240,82355,390,0,7811,2616,54151,83224,96117,8957,4923,78232,43006,412364,45577,200050,140398,10718,313950,20389,125016,245471,25767,16861,532456,579636,632780,0,2291,0,0,0,686747,0,0,0,3929,1770,0,0,0,0,0,0,0,27079,1731,0,31126,0,0,0,0,26398,15660,629,0,0,91371,81493,0,10941,1613,105190
171453,635367,672637,836,169249,58614,325366,2013552,42808,362882,0,97848,18971,113610,132058,68636,9125,680,54699,63022,118594,16458,140679,156658,75060,221635,28674,239945,699926,15541,16948,544070,114143,77768,0,5274,0,0,0,370271,0,0,8197,8597,2768,0,0,0,0,0,0,0,0,0,102,251642,0,5758,38938,0,29057,2136,5381,25037,8453,14190,56712,0,6791,40012,67679
4415,42676,89767,1051,57392,13597,1831174,18852,59162,70929,0,401742,32956,60335,207493,48562,0,3472,13244,47091,57392,4415,183948,116255,16978,39733,6043,1472,122141,1472,2943,126556,29432,61806,0,15946,0,0,31557,12721,0,0,184,9000,11756,0,28442,3413,2616,0,36105,5002,3713,15131,0,18095,0,40385,12358,0,1736,5100,10959,4956,71437,1004,6454,0,1664,37642,0
0,0,0,0,0,0,341964,0,0,0,0,0,0,0,0,0,0,0,0,0,0,0,0,0,0,0,0,0,0,0,0,0,0,0,0,0,0,0,0,0,0,0,0,0,0,0,0,0,0,0,0,0,0,0,0,0,0,0,0,0,0,0,0,0,0,0,0,0,0,0,0
0,0,0,0,0,0,0,0,0,0,0,0,0,0,0,0,0,0,30506,0,0,0,0,0,0,0,0,0,0,0,0,0,0,0,0,0,0,0,0,0,0,0,0,0,0,0,0,0,0,0,0,0,0,0,0,0,0,0,0,0,0,0,0,0,0,0,0,0,0,0,0
4175129,7902164,2238171,8232,731415,489863,1463450,2192092,2039925,232679,994,3580320,344372,2982720,3686982,2270357,22390,1770,811644,1242229,4199136,331361,2094492,3428560,94872,5776596,115946,3584979,8282464,288251,61331,4959382,2142026,2616305,0,62645,1125,0,13935,5226238,0,0,30139,33150,10764,340,85993,353,1387,0,7532,123643,485461,32415,1704,342468,158,180678,2354447,21938,477993,589842,197232,664279,143238,1912252,4672840,0,85841,124332,1257446
0,0,0,0,0,0,0,0,0,0,0,0,0,0,0,0,0,0,0,0,0,0,0,0,0,0,0,0,0,0,0,0,0,0,0,0,0,0,0,0,3288,0,0,0,0,0,0,0,0,0,0,0,0,0,0,0,0,0,0,0,0,0,0,0,0,0,0,0,0,0,0
0,0,0,0,0,0,0,0,0,0,0,0,2448,0,0,0,0,0,0,0,0,0,0,0,0,0,0,0,0,0,0,0,0,0,0,0,0,0,0,0,0,0,0,0,0,0,0,0,0,0,0,0,0,0,0,0,0,0,0,0,0,0,0,0,0,0,0,0,0,0,0
0,0,0,0,0,0,0,260,0,0,0,0,1851,0,0,0,0,0,0,0,0,0,0,0,0,0,0,0,0,0,0,0,0,0,0,0,0,0,0,0,0,0,0,0,0,0,0,0,0,0,0,0,0,0,0,0,0,0,0,0,0,0,0,0,0,0,0,0,0,0,0